Country-Region,Sales Amount,Product,Model
[Not Applicable],$3105726.66,"Mountain-200 Black, 38",Mountain-200
[Not Applicable],$2646352.67,"Mountain-200 Black, 42",Mountain-200
[Not Applicable],$2354215.24,"Mountain-200 Silver, 38",Mountain-200
[Not Applicable],$2181044.29,"Mountain-200 Silver, 42",Mountain-200
[Not Applicable],$2133156.84,"Mountain-200 Silver, 46",Mountain-200
[Not Applicable],$1936203.67,"Mountain-200 Black, 46",Mountain-200
[Not Applicable],$1888480.05,"Road-250 Black, 44",Road-250
[Not Applicable],$1656449.69,"Road-250 Black, 48",Road-250
[Not Applicable],$1380253.88,"Road-350-W Yellow, 48",Road-350-W
[Not Applicable],$1370784.22,"Touring-1000 Blue, 60",Touring-1000
[Not Applicable],$1278046.58,"Road-250 Black, 52",Road-250
[Not Applicable],$1238754.64,"Road-350-W Yellow, 40",Road-350-W
[Not Applicable],$1184363.30,"Touring-1000 Yellow, 60",Touring-1000
[Not Applicable],$1174622.74,"Mountain-100 Black, 38",Mountain-100
[Not Applicable],$1164973.18,"Touring-1000 Blue, 46",Touring-1000
[Not Applicable],$1163352.98,"Mountain-100 Black, 44",Mountain-100
[Not Applicable],$1102848.18,"Mountain-100 Black, 42",Mountain-100
[Not Applicable],$1096280.08,"Road-250 Red, 44",Road-250
[Not Applicable],$1094669.28,"Mountain-100 Silver, 38",Mountain-100
[Not Applicable],$1050610.85,"Mountain-100 Silver, 44",Mountain-100
[Not Applicable],$1043695.27,"Mountain-100 Silver, 42",Mountain-100
[Not Applicable],$1041901.60,"Mountain-100 Black, 48",Mountain-100
[Not Applicable],$1016312.83,"Touring-1000 Yellow, 46",Touring-1000
[Not Applicable],$973173.33,"Road-650 Black, 52",Road-650
[Not Applicable],$970255.43,"Road-650 Red, 60",Road-650
[Not Applicable],$950134.77,"Road-550-W Yellow, 48",Road-550-W
[Not Applicable],$947659.16,"Road-250 Red, 48",Road-250
[Not Applicable],$934021.56,"Road-550-W Yellow, 38",Road-550-W
[Not Applicable],$930780.68,"HL Mountain Frame - Silver, 38",HL Mountain Frame
[Not Applicable],$901590.23,"HL Mountain Frame - Black, 42",HL Mountain Frame
[Not Applicable],$897257.36,"Mountain-100 Silver, 48",Mountain-100
[Not Applicable],$884370.53,"Road-250 Black, 58",Road-250
[Not Applicable],$884370.53,"Road-250 Red, 58",Road-250
[Not Applicable],$883173.37,"Road-650 Red, 44",Road-650
[Not Applicable],$816808.43,"Road-650 Red, 62",Road-650
[Not Applicable],$810817.22,"Road-650 Red, 48",Road-650
[Not Applicable],$808253.08,"Road-650 Black, 58",Road-650
[Not Applicable],$792228.98,"Road-150 Red, 56",Road-150
[Not Applicable],$781284.96,"Road-550-W Yellow, 40",Road-550-W
[Not Applicable],$741801.06,"Road-250 Red, 52",Road-250
[Not Applicable],$720333.71,"Road-350-W Yellow, 42",Road-350-W
[Not Applicable],$713790.56,"Touring-1000 Blue, 50",Touring-1000
[Not Applicable],$665395.21,"Touring-2000 Blue, 54",Touring-2000
[Not Applicable],$621193.28,"Touring-1000 Yellow, 50",Touring-1000
[Not Applicable],$621103.74,"Road-450 Red, 52",Road-450
[Not Applicable],$597453.27,"Road-550-W Yellow, 42",Road-550-W
[Not Applicable],$566797.97,"Road-150 Red, 62",Road-150
[Not Applicable],$537320.87,"Touring-2000 Blue, 60",Touring-2000
United States,$525060.93,"Mountain-200 Black, 46",Mountain-200
[Not Applicable],$507978.30,"Road-450 Red, 58",Road-450
[Not Applicable],$501788.20,"HL Mountain Frame - Black, 38",HL Mountain Frame
[Not Applicable],$501648.88,"Mountain-300 Black, 40",Mountain-300
[Not Applicable],$499556.57,"HL Mountain Frame - Silver, 46",HL Mountain Frame
United States,$485872.19,"Mountain-200 Silver, 42",Mountain-200
[Not Applicable],$485700.55,"ML Road Frame-W - Yellow, 44",ML Road Frame-W
[Not Applicable],$484051.52,"Mountain-300 Black, 44",Mountain-300
United States,$483066.45,"Road-150 Red, 48",Road-150
[Not Applicable],$479071.90,"Mountain-300 Black, 48",Mountain-300
[Not Applicable],$477545.59,"Road-650 Red, 52",Road-650
United States,$473277.96,"Mountain-200 Silver, 46",Mountain-200
[Not Applicable],$464739.99,"Road-650 Black, 60",Road-650
[Not Applicable],$461678.37,"Road-650 Black, 44",Road-650
United States,$453889.47,"Mountain-200 Silver, 38",Mountain-200
United States,$452031.07,"Mountain-200 Black, 38",Mountain-200
United States,$447283.75,"Road-150 Red, 62",Road-150
United States,$443097.00,"Mountain-200 Black, 42",Mountain-200
[Not Applicable],$442477.09,"Mountain-300 Black, 38",Mountain-300
[Not Applicable],$405489.32,"Road-550-W Yellow, 44",Road-550-W
United States,$400766.24,"Road-150 Red, 52",Road-150
Australia,$397187.97,"Road-150 Red, 62",Road-150
[Not Applicable],$395182.70,"HL Road Frame - Red, 44",HL Road Frame
[Not Applicable],$394255.57,"HL Road Frame - Red, 62",HL Road Frame
Australia,$390031.43,"Road-150 Red, 48",Road-150
Australia,$382874.89,"Road-150 Red, 56",Road-150
[Not Applicable],$382157.94,"Road-750 Black, 48",Road-750
[Not Applicable],$375026.98,"HL Road Frame - Black, 44",HL Road Frame
United States,$372140.08,"Road-150 Red, 56",Road-150
Australia,$371460.52,"Mountain-200 Black, 42",Mountain-200
Australia,$370038.40,"Mountain-200 Silver, 38",Mountain-200
[Not Applicable],$361901.83,"Touring-1000 Blue, 54",Touring-1000
Australia,$361405.27,"Road-150 Red, 52",Road-150
United States,$361405.27,"Road-150 Red, 44",Road-150
Australia,$345844.22,"Mountain-200 Silver, 42",Mountain-200
Australia,$335232.47,"Mountain-200 Black, 38",Mountain-200
Australia,$334986.58,"Mountain-200 Black, 46",Mountain-200
[Not Applicable],$334926.07,"Road-150 Red, 44",Road-150
[Not Applicable],$334926.07,"Road-150 Red, 48",Road-150
[Not Applicable],$334926.07,"Road-150 Red, 52",Road-150
Australia,$333779.06,"Road-250 Red, 58",Road-250
Australia,$330463.09,"Road-250 Black, 52",Road-250
[Not Applicable],$326590.08,"Road-350-W Yellow, 44",Road-350-W
[Not Applicable],$324333.10,"HL Touring Frame - Blue, 54",HL Touring Frame
[Not Applicable],$323268.26,"HL Touring Frame - Yellow, 54",HL Touring Frame
[Not Applicable],$321027.03,"Touring-2000 Blue, 46",Touring-2000
Australia,$318466.03,"Road-150 Red, 44",Road-150
[Not Applicable],$314430.21,"Touring-3000 Yellow, 62",Touring-3000
[Not Applicable],$314323.24,"Touring-3000 Yellow, 44",Touring-3000
[Not Applicable],$312948.71,"Touring-3000 Blue, 50",Touring-3000
[Not Applicable],$307230.77,"Road-750 Black, 52",Road-750
[Not Applicable],$306177.90,"Road-450 Red, 60",Road-450
Australia,$304581.54,"Mountain-200 Silver, 46",Mountain-200
[Not Applicable],$303330.84,"ML Road Frame-W - Yellow, 38",ML Road Frame-W
[Not Applicable],$302678.72,"Road-450 Red, 44",Road-450
Australia,$302015.51,"Road-250 Black, 48",Road-250
[Not Applicable],$301286.79,"ML Road Frame-W - Yellow, 48",ML Road Frame-W
[Not Applicable],$299595.52,"LL Road Frame - Black, 52",LL Road Frame
Australia,$298088.70,"Road-250 Black, 58",Road-250
[Not Applicable],$290475.09,"Touring-1000 Yellow, 54",Touring-1000
[Not Applicable],$269874.01,"HL Mountain Frame - Silver, 42",HL Mountain Frame
[Not Applicable],$264829.58,"Road-650 Black, 48",Road-650
[Not Applicable],$263202.08,"Road-650 Black, 62",Road-650
[Not Applicable],$249245.87,"Touring-3000 Blue, 54",Touring-3000
[Not Applicable],$247948.61,"Touring-3000 Yellow, 50",Touring-3000
[Not Applicable],$247665.33,"Road-650 Red, 58",Road-650
Australia,$244771.31,"Road-250 Black, 44",Road-250
[Not Applicable],$232378.26,"HL Touring Frame - Yellow, 60",HL Touring Frame
[Not Applicable],$225209.10,"Mountain-400-W Silver, 40",Mountain-400-W
[Not Applicable],$221720.95,"HL Touring Frame - Blue, 60",HL Touring Frame
[Not Applicable],$200026.42,"ML Mountain Frame - Black, 48",ML Mountain Frame
[Not Applicable],$197736.16,Hitch Rack - 4-Bike,Hitch Rack - 4-Bike
[Not Applicable],$195826.39,"ML Mountain Frame-W - Silver, 40",ML Mountain Frame-W
[Not Applicable],$195434.32,"LL Road Frame - Red, 60",LL Road Frame
[Not Applicable],$194692.60,"LL Road Frame - Red, 44",LL Road Frame
United Kingdom,$183517.24,"Mountain-200 Black, 42",Mountain-200
[Not Applicable],$180788.65,"Road-750 Black, 58",Road-750
[Not Applicable],$177635.90,"LL Road Frame - Black, 58",LL Road Frame
[Not Applicable],$176159.50,"Long-Sleeve Logo Jersey, L",Long-Sleeve Logo Jersey
United Kingdom,$173271.74,"Mountain-200 Black, 38",Mountain-200
[Not Applicable],$168632.23,"Touring-3000 Blue, 58",Touring-3000
United States,$166884.90,"Touring-1000 Yellow, 54",Touring-1000
[Not Applicable],$166013.28,HL Mountain Rear Wheel,HL Mountain Rear Wheel
Germany,$163807.86,"Mountain-200 Silver, 46",Mountain-200
Germany,$162616.43,"Mountain-200 Black, 46",Mountain-200
[Not Applicable],$161177.18,"Touring-3000 Yellow, 54",Touring-3000
United Kingdom,$160990.73,"Mountain-200 Silver, 38",Mountain-200
United Kingdom,$160245.02,"Mountain-200 Silver, 46",Mountain-200
[Not Applicable],$157444.56,"Touring-2000 Blue, 50",Touring-2000
Germany,$153285.05,"Mountain-200 Silver, 38",Mountain-200
Australia,$149044.35,"Road-250 Red, 48",Road-250
[Not Applicable],$148622.58,HL Crankset,HL Crankset
[Not Applicable],$145730.07,"Classic Vest, S",Classic Vest
United States,$145428.27,"Touring-1000 Blue, 54",Touring-1000
United States,$144584.15,"Road-350-W Yellow, 40",Road-350-W
United States,$144584.15,"Road-350-W Yellow, 42",Road-350-W
[Not Applicable],$141635.10,"HL Mountain Frame - Silver, 48",HL Mountain Frame
United Kingdom,$140486.17,"Mountain-200 Black, 46",Mountain-200
France,$138601.00,"Mountain-200 Black, 46",Mountain-200
[Not Applicable],$136970.66,"ML Mountain Frame-W - Silver, 42",ML Mountain Frame-W
[Not Applicable],$136714.40,"LL Road Frame - Red, 62",LL Road Frame
[Not Applicable],$136467.86,"Road-450 Red, 48",Road-450
[Not Applicable],$134173.83,"Mountain-500 Silver, 52",Mountain-500
United States,$133507.92,"Touring-1000 Blue, 46",Touring-1000
Canada,$131716.03,"Mountain-200 Black, 42",Mountain-200
[Not Applicable],$131626.17,"LL Road Frame - Red, 48",LL Road Frame
United States,$131123.85,"Touring-1000 Blue, 60",Touring-1000
[Not Applicable],$129529.46,"ML Mountain Frame - Black, 44",ML Mountain Frame
France,$129503.01,"Mountain-200 Black, 42",Mountain-200
France,$129008.01,"Mountain-200 Silver, 46",Mountain-200
Australia,$128739.78,"Touring-1000 Blue, 46",Touring-1000
[Not Applicable],$127889.24,"Mountain-400-W Silver, 38",Mountain-400-W
[Not Applicable],$127329.64,"Mountain-500 Black, 48",Mountain-500
Australia,$126355.71,"Touring-1000 Yellow, 46",Touring-1000
France,$123027.86,"Mountain-200 Black, 38",Mountain-200
United Kingdom,$122793.76,"Mountain-200 Silver, 42",Mountain-200
United States,$122516.55,"Road-250 Red, 58",Road-250
France,$122296.62,"Mountain-200 Silver, 42",Mountain-200
Australia,$122167.50,"Road-250 Red, 44",Road-250
United States,$121587.57,"Touring-1000 Yellow, 46",Touring-1000
[Not Applicable],$121158.05,"Mountain-400-W Silver, 46",Mountain-400-W
Germany,$119667.34,"Mountain-200 Black, 38",Mountain-200
[Not Applicable],$119664.88,"Mountain-500 Silver, 40",Mountain-500
France,$119479.48,"Mountain-200 Silver, 38",Mountain-200
Germany,$119479.48,"Mountain-200 Silver, 42",Mountain-200
United States,$119203.50,"Touring-1000 Blue, 50",Touring-1000
[Not Applicable],$119193.52,ML Mountain Rear Wheel,ML Mountain Rear Wheel
[Not Applicable],$118193.66,"Mountain-400-W Silver, 42",Mountain-400-W
United States,$116819.43,"Touring-1000 Yellow, 50",Touring-1000
[Not Applicable],$115935.95,"Mountain-500 Silver, 42",Mountain-500
[Not Applicable],$115887.17,"Women's Mountain Shorts, S",Women's Mountain Shorts
Australia,$115667.32,"Road-350-W Yellow, 48",Road-350-W
Australia,$114837.45,"Road-250 Red, 52",Road-250
Australia,$114749.66,"Mountain-100 Black, 48",Mountain-100
[Not Applicable],$114647.77,"Mountain-500 Silver, 48",Mountain-500
Canada,$114504.64,"Road-150 Red, 52",Road-150
United States,$114169.93,"Road-550-W Yellow, 44",Road-550-W
United States,$113966.33,"Road-350-W Yellow, 44",Road-350-W
[Not Applicable],$112286.41,HL Road Front Wheel,HL Road Front Wheel
Australia,$112051.29,"Touring-1000 Yellow, 60",Touring-1000
[Not Applicable],$111367.65,"Women's Mountain Shorts, L",Women's Mountain Shorts
United States,$111168.62,"Road-550-W Yellow, 42",Road-550-W
Canada,$110926.37,"Road-150 Red, 48",Road-150
United Kingdom,$110926.37,"Road-150 Red, 62",Road-150
[Not Applicable],$109833.97,"Mountain-500 Black, 42",Mountain-500
United States,$109514.44,"Road-250 Black, 48",Road-250
United States,$108863.36,"Road-350-W Yellow, 48",Road-350-W
United Kingdom,$107943.71,"Road-250 Black, 48",Road-250
[Not Applicable],$107557.58,"ML Mountain Frame - Black, 38",ML Mountain Frame-W
Canada,$107348.10,"Road-150 Red, 62",Road-150
[Not Applicable],$107063.66,"Short-Sleeve Classic Jersey, XL",Short-Sleeve Classic Jersey
[Not Applicable],$106078.56,"HL Mountain Frame - Black, 48",HL Mountain Frame
Australia,$105461.38,"Road-350-W Yellow, 42",Road-350-W
Australia,$105461.38,"Road-350-W Yellow, 44",Road-350-W
United Kingdom,$104191.43,"Road-250 Black, 44",Road-250
Germany,$103848.30,"Mountain-200 Black, 42",Mountain-200
Australia,$102515.01,"Touring-1000 Yellow, 50",Touring-1000
United States,$102271.65,"Road-250 Black, 44",Road-250
United States,$101311.76,"Road-250 Black, 52",Road-250
[Not Applicable],$100569.36,"LL Mountain Frame - Silver, 42",LL Mountain Frame
[Not Applicable],$100477.82,"Mountain-500 Silver, 44",Mountain-500
Germany,$100191.56,"Road-150 Red, 44",Road-150
United Kingdom,$96337.80,"Road-250 Black, 52",Road-250
[Not Applicable],$96008.13,"Touring-3000 Yellow, 58",Touring-3000
[Not Applicable],$95902.22,"Road-750 Black, 44",Road-750
Australia,$95681.84,"Road-550-W Yellow, 42",Road-550-W
Australia,$95362.80,"Touring-1000 Blue, 60",Touring-1000
Australia,$95255.44,"Road-350-W Yellow, 40",Road-350-W
Australia,$95199.72,"Mountain-100 Silver, 44",Mountain-100
[Not Applicable],$94606.25,"Mountain-500 Black, 44",Mountain-500
[Not Applicable],$94020.48,"Touring-3000 Blue, 44",Touring-3000
United States,$93961.09,"Road-550-W Yellow, 48",Road-550-W
[Not Applicable],$93584.42,"LL Mountain Frame - Black, 44",LL Mountain Frame
[Not Applicable],$93554.46,"Women's Tights, L",Women's Tights
Australia,$93440.86,"Road-550-W Yellow, 44",Road-550-W
[Not Applicable],$93153.64,"Long-Sleeve Logo Jersey, M",Long-Sleeve Logo Jersey
Germany,$93035.02,"Road-150 Red, 62",Road-150
Australia,$92978.73,"Touring-1000 Blue, 54",Touring-1000
United States,$91974.68,"Road-250 Black, 58",Road-250
Australia,$91960.22,"Road-550-W Yellow, 40",Road-550-W
Canada,$91635.67,"Mountain-200 Black, 38",Mountain-200
Australia,$91124.73,"Mountain-100 Black, 44",Mountain-100
[Not Applicable],$91052.87,"Sport-100 Helmet, Blue",Sport-100
United States,$90594.66,"Touring-1000 Yellow, 60",Touring-1000
[Not Applicable],$90550.91,"Women's Tights, S",Women's Tights
[Not Applicable],$89872.17,"HL Road Frame - Black, 48",HL Road Frame
[Not Applicable],$89872.17,"HL Road Frame - Red, 48",HL Road Frame
United Kingdom,$89531.33,"Road-250 Red, 58",Road-250
Germany,$89269.54,"Road-250 Black, 52",Road-250
[Not Applicable],$89224.50,"ML Road Frame - Red, 48",ML Road Frame
Australia,$88598.75,"Road-550-W Yellow, 38",Road-550-W
United States,$87998.48,"Road-550-W Yellow, 38",Road-550-W
[Not Applicable],$87915.37,"Sport-100 Helmet, Black",Sport-100
[Not Applicable],$87773.61,"Touring-3000 Blue, 62",Touring-3000
France,$87611.55,"Road-250 Black, 52",Road-250
Canada,$85878.48,"Road-150 Red, 44",Road-150
Canada,$85878.48,"Road-150 Red, 56",Road-150
United Kingdom,$85878.48,"Road-150 Red, 52",Road-150
United Kingdom,$85878.48,"Road-150 Red, 56",Road-150
United States,$85877.56,"Road-550-W Yellow, 40",Road-550-W
[Not Applicable],$85581.11,"Men's Bib-Shorts, M",Men's Bib-Shorts
United Kingdom,$84382.84,"Road-250 Black, 58",Road-250
Australia,$84374.75,"Mountain-100 Black, 38",Mountain-100
France,$83597.48,"Road-250 Black, 58",Road-250
Australia,$83236.40,"Road-550-W Yellow, 48",Road-550-W
France,$82986.64,"Road-250 Black, 48",Road-250
France,$82300.21,"Road-150 Red, 44",Road-150
France,$82300.21,"Road-150 Red, 48",Road-150
Germany,$82300.21,"Road-150 Red, 56",Road-150
Canada,$81779.65,"Mountain-200 Silver, 38",Mountain-200
France,$80019.71,"Road-250 Red, 58",Road-250
[Not Applicable],$79744.70,"Sport-100 Helmet, Red",Sport-100
[Not Applicable],$78986.43,ML Road Front Wheel,ML Road Front Wheel
United States,$78838.54,"Road-750 Black, 44",Road-750
Germany,$78361.73,"Road-250 Black, 44",Road-250
[Not Applicable],$78280.46,"Short-Sleeve Classic Jersey, L",Short-Sleeve Classic Jersey
United States,$78187.20,"Road-250 Red, 48",Road-250
[Not Applicable],$77614.10,"Classic Vest, M",Classic Vest
[Not Applicable],$75814.60,"Mountain-500 Black, 40",Mountain-500
United Kingdom,$75143.67,"Road-150 Red, 48",Road-150
[Not Applicable],$74965.33,"Long-Sleeve Logo Jersey, XL",Long-Sleeve Logo Jersey
[Not Applicable],$74842.61,"Mountain-500 Black, 52",Mountain-500
[Not Applicable],$74690.90,"HL Touring Frame - Blue, 50",HL Touring Frame
France,$74260.39,"Road-250 Black, 44",Road-250
Australia,$74249.78,"Mountain-100 Black, 42",Mountain-100
Australia,$73906.17,"Touring-1000 Yellow, 54",Touring-1000
United States,$72898.65,"Road-750 Black, 48",Road-750
United States,$72358.66,"Road-750 Black, 52",Road-750
Canada,$71718.44,"Mountain-200 Black, 46",Mountain-200
Australia,$71522.10,"Touring-1000 Blue, 50",Touring-1000
Australia,$71399.79,"Mountain-100 Silver, 38",Mountain-100
Australia,$71399.79,"Mountain-100 Silver, 48",Mountain-100
Canada,$70179.70,"Mountain-200 Silver, 46",Mountain-200
[Not Applicable],$69934.28,"LL Mountain Frame - Silver, 40",LL Mountain Frame
[Not Applicable],$69622.20,"Full-Finger Gloves, L",Full-Finger Gloves
[Not Applicable],$69127.14,"LL Touring Frame - Yellow, 62",LL Touring Frame
[Not Applicable],$68667.44,"HL Touring Frame - Blue, 46",HL Touring Frame
[Not Applicable],$68167.51,"ML Road Frame-W - Yellow, 40",ML Road Frame-W
Australia,$67999.80,"Mountain-100 Silver, 42",Mountain-100
France,$67987.13,"Road-150 Red, 52",Road-150
[Not Applicable],$67332.75,"LL Mountain Frame - Silver, 52",LL Mountain Frame
United Kingdom,$66753.96,"Touring-1000 Blue, 54",Touring-1000
Germany,$65883.19,"Road-250 Red, 58",Road-250
[Not Applicable],$65518.75,Hydration Pack - 70 oz.,Hydration Pack
Germany,$64408.86,"Road-150 Red, 48",Road-150
[Not Applicable],$63396.70,"LL Mountain Frame - Black, 42",LL Mountain Frame
[Not Applicable],$63216.43,"LL Touring Frame - Blue, 50",LL Touring Frame
Germany,$62936.63,"Road-350-W Yellow, 40",Road-350-W
United Kingdom,$61985.82,"Touring-1000 Blue, 50",Touring-1000
United States,$61199.82,"Mountain-100 Silver, 38",Mountain-100
Canada,$61148.31,"Mountain-200 Silver, 42",Mountain-200
[Not Applicable],$61034.61,HL Fork,HL Fork
[Not Applicable],$58777.53,"LL Mountain Frame - Silver, 44",LL Mountain Frame
[Not Applicable],$58699.39,"LL Touring Frame - Yellow, 44",LL Touring Frame
[Not Applicable],$58488.77,LL Road Rear Wheel,LL Road Rear Wheel
[Not Applicable],$57851.36,"LL Mountain Frame - Black, 48",LL Mountain Frame
Germany,$57418.73,"Road-250 Black, 48",Road-250
United Kingdom,$57252.32,"Road-150 Red, 44",Road-150
United States,$56197.05,"Road-250 Red, 44",Road-250
United States,$56197.05,"Road-250 Red, 52",Road-250
Australia,$55618.97,"Road-750 Black, 52",Road-750
United Kingdom,$54833.61,"Touring-1000 Blue, 46",Touring-1000
United Kingdom,$54833.61,"Touring-1000 Yellow, 46",Touring-1000
Germany,$54713.59,"Road-250 Black, 58",Road-250
Australia,$54538.99,"Road-750 Black, 58",Road-750
France,$54431.68,"Road-350-W Yellow, 48",Road-350-W
Germany,$53753.70,"Road-250 Red, 48",Road-250
United States,$53094.81,"Mountain-400-W Silver, 38",Mountain-400-W
[Not Applicable],$52404.10,"HL Touring Frame - Yellow, 46",HL Touring Frame
United States,$52379.03,"Road-750 Black, 58",Road-750
[Not Applicable],$51753.71,ML Mountain Handlebars,ML Mountain Handlebars
France,$51310.35,"Road-250 Red, 44",Road-250
Germany,$51310.35,"Road-250 Red, 44",Road-250
France,$51029.70,"Road-350-W Yellow, 44",Road-350-W
United Kingdom,$51029.70,"Road-350-W Yellow, 40",Road-350-W
United States,$51023.70,"Touring-2000 Blue, 50",Touring-2000
Australia,$50759.06,"Road-750 Black, 44",Road-750
United States,$50624.85,"Mountain-100 Black, 44",Mountain-100
[Not Applicable],$50299.31,Front Brakes,Front Brakes
Australia,$50219.07,"Road-750 Black, 48",Road-750
Germany,$50095.78,"Road-150 Red, 52",Road-150
Germany,$50065.47,"Touring-1000 Blue, 50",Touring-1000
[Not Applicable],$49994.72,"HL Touring Frame - Yellow, 50",HL Touring Frame
[Not Applicable],$49686.13,"Short-Sleeve Classic Jersey, S",Short-Sleeve Classic Jersey
United Kingdom,$49328.71,"Road-350-W Yellow, 42",Road-350-W
[Not Applicable],$47987.94,"Full-Finger Gloves, M",Full-Finger Gloves
Germany,$47681.40,"Touring-1000 Yellow, 60",Touring-1000
United Kingdom,$47681.40,"Touring-1000 Yellow, 50",Touring-1000
United States,$47249.86,"Mountain-100 Black, 48",Mountain-100
[Not Applicable],$46980.40,"Men's Bib-Shorts, S",Men's Bib-Shorts
France,$46517.51,"Road-150 Red, 56",Road-150
France,$46517.51,"Road-150 Red, 62",Road-150
France,$46423.65,"Road-250 Red, 52",Road-250
United Kingdom,$46423.65,"Road-250 Red, 44",Road-250
United Kingdom,$46423.65,"Road-250 Red, 48",Road-250
United Kingdom,$46423.65,"Road-250 Red, 52",Road-250
Germany,$45926.73,"Road-350-W Yellow, 48",Road-350-W
United Kingdom,$45926.73,"Road-350-W Yellow, 44",Road-350-W
[Not Applicable],$45611.86,"LL Touring Frame - Yellow, 50",LL Touring Frame
[Not Applicable],$45516.30,"Men's Sports Shorts, M",Men's Sports Shorts
United Kingdom,$45379.85,"Road-550-W Yellow, 40",Road-550-W
Germany,$45297.33,"Touring-1000 Blue, 54",Touring-1000
United Kingdom,$45297.33,"Touring-1000 Yellow, 60",Touring-1000
[Not Applicable],$45164.68,"LL Road Frame - Black, 44",LL Road Frame
[Not Applicable],$44855.24,LL Crankset,LL Crankset
[Not Applicable],$44484.27,Front Derailleur,Front Derailleur
Germany,$44225.74,"Road-350-W Yellow, 42",Road-350-W
United Kingdom,$44225.74,"Road-350-W Yellow, 48",Road-350-W
[Not Applicable],$43395.60,HL Road Handlebars,HL Road Handlebars
United Kingdom,$43378.97,"Road-550-W Yellow, 48",Road-550-W
United Kingdom,$42978.80,"Road-550-W Yellow, 42",Road-550-W
France,$42913.26,"Touring-1000 Yellow, 46",Touring-1000
United States,$42519.75,"Touring-2000 Blue, 46",Touring-2000
[Not Applicable],$42324.98,"Half-Finger Gloves, M",Half-Finger Gloves
[Not Applicable],$42210.97,"LL Touring Frame - Blue, 54",LL Touring Frame
[Not Applicable],$41069.35,"ML Mountain Frame-W - Silver, 46",ML Mountain Frame-W
United Kingdom,$40529.19,"Touring-1000 Yellow, 54",Touring-1000
[Not Applicable],$39988.64,HL Mountain Front Wheel,HL Mountain Front Wheel
[Not Applicable],$39909.11,ML Headset,ML Headset
[Not Applicable],$39581.44,HL Bottom Bracket,HL Bottom Bracket
Germany,$39137.12,"Road-550-W Yellow, 38",Road-550-W
France,$39122.77,"Road-350-W Yellow, 40",Road-350-W
Germany,$39093.60,"Road-250 Red, 52",Road-250
United States,$38474.50,"Mountain-400-W Silver, 42",Mountain-400-W
Canada,$38145.12,"Touring-1000 Yellow, 54",Touring-1000
France,$38145.12,"Touring-1000 Blue, 46",Touring-1000
[Not Applicable],$38018.33,HL Mountain Pedal,HL Mountain Pedal
United States,$37705.01,"Mountain-400-W Silver, 40",Mountain-400-W
United States,$37399.89,"Mountain-100 Silver, 42",Mountain-100
France,$35761.05,"Touring-1000 Yellow, 50",Touring-1000
France,$35761.05,"Touring-1000 Yellow, 54",Touring-1000
Germany,$35761.05,"Touring-1000 Blue, 46",Touring-1000
Germany,$35720.79,"Road-350-W Yellow, 44",Road-350-W
United Kingdom,$35655.59,"Road-550-W Yellow, 44",Road-550-W
United Kingdom,$34655.16,"Road-550-W Yellow, 38",Road-550-W
[Not Applicable],$34375.35,HL Mountain Handlebars,HL Mountain Handlebars
Canada,$34206.90,"Road-250 Red, 48",Road-250
France,$34206.90,"Road-250 Red, 48",Road-250
[Not Applicable],$34178.20,"Men's Bib-Shorts, L",Men's Bib-Shorts
United States,$33857.56,"Mountain-400-W Silver, 46",Mountain-400-W
United States,$33749.90,"Mountain-100 Black, 42",Mountain-100
France,$33376.98,"Touring-1000 Blue, 60",Touring-1000
Germany,$33376.98,"Touring-1000 Blue, 60",Touring-1000
Germany,$33376.98,"Touring-1000 Yellow, 46",Touring-1000
Germany,$33376.98,"Touring-1000 Yellow, 50",Touring-1000
[Not Applicable],$33360.39,ML Mountain Front Wheel,ML Mountain Front Wheel
[Not Applicable],$33049.28,"Women's Mountain Shorts, M",Women's Mountain Shorts
[Not Applicable],$32849.54,HL Road Pedal,HL Road Pedal
United States,$32800.95,"Touring-2000 Blue, 54",Touring-2000
[Not Applicable],$32120.82,"ML Road Frame - Red, 52",ML Road Frame
[Not Applicable],$31541.35,AWC Logo Cap,Cycling Cap
France,$31413.74,"Road-550-W Yellow, 38",Road-550-W
Canada,$31327.24,"Road-250 Black, 48",Road-250
Germany,$31293.69,"Road-550-W Yellow, 48",Road-550-W
Canada,$30992.91,"Touring-1000 Blue, 46",Touring-1000
Canada,$30992.91,"Touring-1000 Blue, 60",Touring-1000
Canada,$30992.91,"Touring-1000 Yellow, 46",Touring-1000
Germany,$30773.46,"Road-550-W Yellow, 40",Road-550-W
France,$30617.82,"Road-350-W Yellow, 42",Road-350-W
United States,$30599.91,"Mountain-100 Silver, 44",Mountain-100
United States,$30599.91,"Mountain-100 Silver, 48",Mountain-100
United States,$30374.91,"Mountain-100 Black, 38",Mountain-100
United States,$30371.25,"Touring-2000 Blue, 60",Touring-2000
Canada,$29407.46,"Road-250 Black, 52",Road-250
France,$29052.71,"Road-550-W Yellow, 42",Road-550-W
Canada,$28608.84,"Touring-1000 Blue, 50",Touring-1000
Germany,$28052.27,"Road-550-W Yellow, 42",Road-550-W
Canada,$27652.09,"Road-550-W Yellow, 42",Road-550-W
United Kingdom,$27199.92,"Mountain-100 Silver, 38",Mountain-100
United Kingdom,$26459.51,"Road-750 Black, 52",Road-750
France,$26224.77,"Touring-1000 Blue, 50",Touring-1000
United Kingdom,$26224.77,"Touring-1000 Blue, 60",Touring-1000
United States,$26034.42,"Road-650 Black, 58",Road-650
United States,$25787.63,"Sport-100 Helmet, Blue",Sport-100
[Not Applicable],$25725.23,Rear Derailleur,Rear Derailleur
United States,$25698.85,"Road-650 Red, 48",Road-650
France,$25691.24,"Road-550-W Yellow, 44",Road-550-W
United States,$25682.66,"Sport-100 Helmet, Black",Sport-100
Canada,$25514.85,"Road-350-W Yellow, 40",Road-350-W
Canada,$25514.85,"Road-350-W Yellow, 42",Road-350-W
Canada,$25514.85,"Road-350-W Yellow, 48",Road-350-W
Germany,$25379.53,"Road-750 Black, 52",Road-750
United States,$25297.77,"Sport-100 Helmet, Red",Sport-100
[Not Applicable],$24844.69,"LL Road Frame - Black, 60",LL Road Frame
Germany,$24690.80,"Road-550-W Yellow, 44",Road-550-W
[Not Applicable],$24624.89,ML Road Pedal,ML Road Pedal
Australia,$24623.68,"Mountain-400-W Silver, 46",Mountain-400-W
[Not Applicable],$24539.43,"Half-Finger Gloves, S",Half-Finger Gloves
Canada,$24520.76,"Road-250 Black, 44",Road-250
Canada,$24433.50,"Road-250 Red, 44",Road-250
Canada,$23840.70,"Touring-1000 Yellow, 50",Touring-1000
United Kingdom,$23759.56,"Road-750 Black, 58",Road-750
France,$23450.26,"Road-550-W Yellow, 48",Road-550-W
Germany,$23219.57,"Road-750 Black, 48",Road-750
United Kingdom,$23219.57,"Road-750 Black, 48",Road-750
United States,$23170.00,HL Mountain Tire,HL Mountain Tire
Australia,$23082.15,"Touring-2000 Blue, 46",Touring-2000
Germany,$23082.15,"Touring-2000 Blue, 54",Touring-2000
France,$22689.92,"Road-550-W Yellow, 40",Road-550-W
United States,$22566.89,"Road-650 Black, 62",Road-650
[Not Applicable],$22462.85,LL Mountain Front Wheel,LL Mountain Front Wheel
[Not Applicable],$22008.27,LL Mountain Handlebars,LL Mountain Handlebars
Canada,$21990.15,"Road-250 Red, 52",Road-250
Australia,$21867.30,"Touring-2000 Blue, 50",Touring-2000
Australia,$21867.30,"Touring-2000 Blue, 54",Touring-2000
United States,$21738.22,Fender Set - Mountain,Fender Set - Mountain
France,$21456.63,"Touring-1000 Yellow, 60",Touring-1000
Germany,$21456.63,"Touring-1000 Yellow, 54",Touring-1000
[Not Applicable],$21087.19,LL Road Pedal,LL Road Pedal
Germany,$21059.61,"Road-750 Black, 58",Road-750
United States,$20721.27,"Road-650 Red, 62",Road-650
Australia,$20637.38,"Road-650 Red, 48",Road-650
[Not Applicable],$20365.00,"Men's Sports Shorts, S",Men's Sports Shorts
Australia,$20301.81,"Road-650 Red, 44",Road-650
Germany,$20249.94,"Mountain-100 Black, 44",Mountain-100
[Not Applicable],$20104.44,"LL Road Frame - Red, 52",LL Road Frame
United Kingdom,$19979.63,"Road-750 Black, 44",Road-750
[Not Applicable],$19709.71,HL Road Rear Wheel,HL Road Rear Wheel
Australia,$19686.61,"Road-650 Black, 52",Road-650
Germany,$19439.64,"Road-750 Black, 44",Road-750
United Kingdom,$19437.60,"Touring-2000 Blue, 60",Touring-2000
United States,$19239.18,"Road-650 Red, 58",Road-650
Australia,$19237.25,"Mountain-400-W Silver, 40",Mountain-400-W
[Not Applicable],$19083.69,HL Headset,HL Headset
Canada,$18688.17,"Road-550-W Yellow, 44",Road-550-W
France,$18359.66,"Road-750 Black, 48",Road-750
United Kingdom,$18222.75,"Touring-2000 Blue, 50",Touring-2000
United States,$18036.73,"Road-650 Black, 48",Road-650
[Not Applicable],$18005.27,LL Mountain Rear Wheel,LL Mountain Rear Wheel
Australia,$17952.84,"Road-650 Red, 58",Road-650
France,$17819.67,"Road-750 Black, 58",Road-750
[Not Applicable],$17727.64,"Women's Tights, M",Women's Tights
Australia,$17698.27,"Mountain-400-W Silver, 42",Mountain-400-W
United Kingdom,$17698.27,"Mountain-400-W Silver, 40",Mountain-400-W
France,$17279.68,"Road-750 Black, 52",Road-750
United States,$17253.74,"Road-650 Black, 60",Road-650
Germany,$17007.90,"Touring-2000 Blue, 60",Touring-2000
United Kingdom,$17007.90,"Touring-2000 Blue, 46",Touring-2000
Germany,$16999.95,"Mountain-100 Silver, 38",Mountain-100
Germany,$16999.95,"Mountain-100 Silver, 42",Mountain-100
United Kingdom,$16999.95,"Mountain-100 Silver, 42",Mountain-100
United Kingdom,$16999.95,"Mountain-100 Silver, 44",Mountain-100
United Kingdom,$16928.78,"Mountain-400-W Silver, 38",Mountain-400-W
United Kingdom,$16928.78,"Mountain-400-W Silver, 46",Mountain-400-W
United States,$16920.00,Hitch Rack - 4-Bike,Hitch Rack - 4-Bike
[Not Applicable],$16897.08,LL Fork,LL Fork
Canada,$16874.95,"Mountain-100 Black, 38",Mountain-100
France,$16874.95,"Mountain-100 Black, 44",Mountain-100
Germany,$16874.95,"Mountain-100 Black, 42",Mountain-100
Canada,$16688.49,"Touring-1000 Yellow, 60",Touring-1000
France,$16688.49,"Touring-1000 Blue, 54",Touring-1000
United States,$16554.65,"Road-650 Black, 52",Road-650
Australia,$16470.75,"Road-650 Black, 60",Road-650
[Not Applicable],$16392.10,HL Mountain Seat/Saddle,HL Mountain Seat/Saddle 2
[Not Applicable],$16225.22,Cable Lock,Cable Lock
United States,$16219.08,"Road-650 Black, 44",Road-650
France,$16199.70,"Road-750 Black, 44",Road-750
Australia,$16159.29,"Mountain-400-W Silver, 38",Mountain-400-W
Germany,$16159.29,"Mountain-400-W Silver, 42",Mountain-400-W
[Not Applicable],$16017.33,"Men's Sports Shorts, L",Men's Sports Shorts
Australia,$15793.05,"Touring-2000 Blue, 60",Touring-2000
[Not Applicable],$15719.40,Rear Brakes,Rear Brakes
Australia,$15675.52,"Sport-100 Helmet, Red",Sport-100
Canada,$15308.91,"Road-350-W Yellow, 44",Road-350-W
United States,$15012.27,Hydration Pack - 70 oz.,Hydration Pack
United States,$14904.77,"Road-650 Red, 52",Road-650
Australia,$14870.75,"Sport-100 Helmet, Blue",Sport-100
Germany,$14620.31,"Mountain-400-W Silver, 46",Mountain-400-W
Canada,$14578.20,"Touring-2000 Blue, 50",Touring-2000
Australia,$14541.24,"Road-650 Red, 62",Road-650
United States,$14457.35,"Road-650 Red, 44",Road-650
Australia,$14415.88,"Sport-100 Helmet, Black",Sport-100
Canada,$14304.42,"Touring-1000 Blue, 54",Touring-1000
[Not Applicable],$14229.41,"ML Mountain Frame - Black, 40",ML Mountain Frame
Australia,$14104.65,"Touring-3000 Blue, 62",Touring-3000
United States,$14104.65,"Touring-3000 Blue, 58",Touring-3000
United States,$14104.65,"Touring-3000 Yellow, 44",Touring-3000
United States,$14104.65,"Touring-3000 Yellow, 50",Touring-3000
United Kingdom,$13850.82,"Mountain-400-W Silver, 42",Mountain-400-W
[Not Applicable],$13765.92,"HL Mountain Frame - Black, 44",HL Mountain Frame
United States,$13758.25,"Road-650 Red, 60",Road-650
France,$13599.96,"Mountain-100 Silver, 38",Mountain-100
United States,$13515.00,All-Purpose Bike Stand,All-Purpose Bike Stand
[Not Applicable],$13514.69,Minipump,Minipump
Canada,$13499.96,"Mountain-100 Black, 44",Mountain-100
France,$13499.96,"Mountain-100 Black, 38",Mountain-100
United Kingdom,$13499.96,"Mountain-100 Black, 38",Mountain-100
United Kingdom,$13499.96,"Mountain-100 Black, 48",Mountain-100
[Not Applicable],$13454.78,HL Touring Seat/Saddle,HL Touring Seat/Saddle
Germany,$13363.35,"Touring-2000 Blue, 46",Touring-2000
Germany,$13363.35,"Touring-2000 Blue, 50",Touring-2000
Australia,$13362.30,"Touring-3000 Yellow, 44",Touring-3000
Canada,$13325.83,"Road-550-W Yellow, 40",Road-550-W
United States,$13195.60,ML Mountain Tire,ML Mountain Tire
United States,$12994.77,"Mountain-500 Silver, 48",Mountain-500
United States,$12959.76,"Mountain-500 Black, 44",Mountain-500
United States,$12948.15,"Women's Mountain Shorts, M",Women's Mountain Shorts
[Not Applicable],$12852.63,ML Mountain Pedal,ML Mountain Pedal
Australia,$12723.59,"Road-650 Black, 62",Road-650
Australia,$12619.95,"Touring-3000 Blue, 54",Touring-3000
[Not Applicable],$12497.17,ML Mountain Seat/Saddle,ML Mountain Seat/Saddle 2
Australia,$12443.95,"Road-650 Black, 44",Road-650
[Not Applicable],$12244.93,LL Bottom Bracket,LL Bottom Bracket
Australia,$12192.27,"Road-650 Red, 52",Road-650
[Not Applicable],$12087.24,HL Touring Handlebars,HL Touring Handlebars
Canada,$12085.29,"Road-550-W Yellow, 38",Road-550-W
[Not Applicable],$12063.19,"Half-Finger Gloves, L",Half-Finger Gloves
Australia,$11877.60,"Touring-3000 Blue, 44",Touring-3000
Australia,$11877.60,"Touring-3000 Blue, 58",Touring-3000
United States,$11877.60,"Touring-3000 Blue, 54",Touring-3000
United States,$11758.32,"Women's Mountain Shorts, L",Women's Mountain Shorts
United States,$11758.32,"Women's Mountain Shorts, S",Women's Mountain Shorts
France,$11542.35,"Mountain-400-W Silver, 38",Mountain-400-W
[Not Applicable],$11357.29,"Racing Socks, L",Racing Socks
Canada,$11339.79,"Road-750 Black, 52",Road-750
United States,$11339.79,"Mountain-500 Black, 40",Mountain-500
[Not Applicable],$11237.44,"Full-Finger Gloves, S",Full-Finger Gloves
[Not Applicable],$11188.37,Bike Wash - Dissolver,Bike Wash
United States,$11181.80,HL Road Tire,HL Road Tire
United States,$11135.25,"Touring-3000 Blue, 62",Touring-3000
Canada,$10933.65,"Touring-2000 Blue, 46",Touring-2000
France,$10933.65,"Touring-2000 Blue, 46",Touring-2000
France,$10933.65,"Touring-2000 Blue, 54",Touring-2000
United Kingdom,$10933.65,"Touring-2000 Blue, 54",Touring-2000
[Not Applicable],$10908.01,LL Mountain Pedal,LL Mountain Pedal
Canada,$10907.81,"Road-250 Red, 58",Road-250
Canada,$10799.80,"Road-750 Black, 58",Road-750
United States,$10799.80,"Mountain-500 Black, 42",Mountain-500
[Not Applicable],$10574.78,ML Road Rear Wheel,ML Road Rear Wheel
Australia,$10503.09,Hydration Pack - 70 oz.,Hydration Pack
[Not Applicable],$10464.79,ML Crankset,ML Crankset
United States,$10392.90,"Touring-3000 Yellow, 54",Touring-3000
United States,$10392.90,"Touring-3000 Yellow, 58",Touring-3000
Australia,$10335.00,All-Purpose Bike Stand,All-Purpose Bike Stand
United States,$10259.81,"Mountain-500 Black, 48",Mountain-500
Germany,$10199.97,"Mountain-100 Silver, 44",Mountain-100
Germany,$10199.97,"Mountain-100 Silver, 48",Mountain-100
United Kingdom,$10199.97,"Mountain-100 Silver, 48",Mountain-100
France,$10124.97,"Mountain-100 Black, 42",Mountain-100
United Kingdom,$10124.97,"Mountain-100 Black, 42",Mountain-100
United Kingdom,$10124.97,"Mountain-100 Black, 44",Mountain-100
United Kingdom,$10112.11,"Sport-100 Helmet, Red",Sport-100
Germany,$10003.37,"Mountain-400-W Silver, 38",Mountain-400-W
Australia,$9843.30,"Road-650 Black, 48",Road-650
United States,$9798.04,"Long-Sleeve Logo Jersey, L",Long-Sleeve Logo Jersey
United Kingdom,$9759.41,"Road-650 Black, 52",Road-650
France,$9718.80,"Touring-2000 Blue, 50",Touring-2000
Canada,$9695.00,HL Mountain Tire,HL Mountain Tire
United Kingdom,$9692.23,"Sport-100 Helmet, Blue",Sport-100
Australia,$9650.55,"Touring-3000 Blue, 50",Touring-3000
Australia,$9650.55,"Touring-3000 Yellow, 50",Touring-3000
Germany,$9650.55,"Touring-3000 Yellow, 50",Touring-3000
United States,$9650.55,"Touring-3000 Blue, 44",Touring-3000
Canada,$9622.25,"Sport-100 Helmet, Red",Sport-100
United States,$9604.83,"Mountain-500 Silver, 40",Mountain-500
United States,$9604.83,"Mountain-500 Silver, 52",Mountain-500
Canada,$9517.28,"Sport-100 Helmet, Black",Sport-100
[Not Applicable],$9377.71,Chain,Chain
Canada,$9249.83,"Road-250 Black, 58",Road-250
France,$9233.88,"Mountain-400-W Silver, 40",Mountain-400-W
United Kingdom,$9228.10,"Road-650 Red, 62",Road-650
Canada,$9179.83,"Road-750 Black, 44",Road-750
France,$9144.20,"Road-650 Red, 52",Road-650
United Kingdom,$9144.20,"Road-650 Black, 60",Road-650
United States,$9039.84,"Mountain-500 Silver, 44",Mountain-500
Canada,$8957.44,"Sport-100 Helmet, Blue",Sport-100
Australia,$8908.20,"Touring-3000 Yellow, 62",Touring-3000
United Kingdom,$8908.20,"Touring-3000 Blue, 44",Touring-3000
United States,$8908.20,"Touring-3000 Yellow, 62",Touring-3000
Canada,$8792.00,Fender Set - Mountain,Fender Set - Mountain
Germany,$8782.49,"Sport-100 Helmet, Red",Sport-100
United Kingdom,$8677.52,"Sport-100 Helmet, Black",Sport-100
France,$8537.56,"Sport-100 Helmet, Red",Sport-100
France,$8503.95,"Touring-2000 Blue, 60",Touring-2000
Canada,$8483.71,"Road-550-W Yellow, 48",Road-550-W
Canada,$8464.39,"Mountain-400-W Silver, 46",Mountain-400-W
France,$8464.39,"Mountain-400-W Silver, 42",Mountain-400-W
Germany,$8464.39,"Mountain-400-W Silver, 40",Mountain-400-W
United States,$8448.31,"Long-Sleeve Logo Jersey, XL",Long-Sleeve Logo Jersey
Australia,$8445.11,"Road-650 Black, 58",Road-650
Australia,$8400.00,HL Mountain Tire,HL Mountain Tire
United States,$8348.33,"Long-Sleeve Logo Jersey, S",Long-Sleeve Logo Jersey
Australia,$8314.46,"Short-Sleeve Classic Jersey, XL",Short-Sleeve Classic Jersey
Australia,$8277.32,"Road-650 Red, 60",Road-650
United States,$8261.73,Mountain Bottle Cage,Mountain Bottle Cage
United States,$8248.35,"Long-Sleeve Logo Jersey, M",Long-Sleeve Logo Jersey
Australia,$8165.85,"Touring-3000 Yellow, 58",Touring-3000
France,$8109.54,"Road-650 Black, 52",Road-650
Canada,$8099.85,"Road-750 Black, 48",Road-750
United States,$8073.82,Water Bottle - 30 oz.,Water Bottle
Australia,$7990.52,"Short-Sleeve Classic Jersey, M",Short-Sleeve Classic Jersey
United States,$7943.26,Touring Tire,Touring Tire
France,$7732.79,"Sport-100 Helmet, Blue",Sport-100
France,$7694.90,"Mountain-400-W Silver, 46",Mountain-400-W
Germany,$7662.81,"Sport-100 Helmet, Black",Sport-100
Germany,$7662.12,"Road-650 Red, 48",Road-650
Australia,$7612.59,"Short-Sleeve Classic Jersey, S",Short-Sleeve Classic Jersey
Germany,$7578.22,"Road-650 Black, 58",Road-650
United States,$7521.99,LL Mountain Tire,LL Mountain Tire
United Kingdom,$7494.33,"Road-650 Red, 60",Road-650
[Not Applicable],$7476.60,Water Bottle - 30 oz.,Water Bottle
Australia,$7423.50,"Touring-3000 Yellow, 54",Touring-3000
France,$7423.50,"Touring-3000 Yellow, 44",Touring-3000
Germany,$7423.50,"Touring-3000 Blue, 62",Touring-3000
Germany,$7423.50,"Touring-3000 Yellow, 62",Touring-3000
United Kingdom,$7423.50,"Touring-3000 Blue, 54",Touring-3000
France,$7410.44,"Road-650 Red, 48",Road-650
Germany,$7410.44,"Road-650 Red, 44",Road-650
Germany,$7312.91,"Sport-100 Helmet, Blue",Sport-100
Canada,$7289.10,"Touring-2000 Blue, 54",Touring-2000
Canada,$7289.10,"Touring-2000 Blue, 60",Touring-2000
[Not Applicable],$7201.87,"LL Touring Frame - Yellow, 58",LL Touring Frame
United States,$7180.67,"Short-Sleeve Classic Jersey, S",Short-Sleeve Classic Jersey
Australia,$7143.50,Fender Set - Mountain,Fender Set - Mountain
[Not Applicable],$7143.32,Touring Pedal,Touring Pedal
Australia,$7122.15,ML Road Tire,ML Road Tire
Canada,$7080.00,Hitch Rack - 4-Bike,Hitch Rack - 4-Bike
Australia,$7019.87,"Mountain-500 Black, 48",Mountain-500
France,$6998.00,"Sport-100 Helmet, Black",Sport-100
[Not Applicable],$6970.92,"LL Mountain Frame - Silver, 48",LL Mountain Frame
Germany,$6879.13,"Road-650 Red, 58",Road-650
Germany,$6879.13,"Road-650 Red, 62",Road-650
Canada,$6799.98,"Mountain-100 Silver, 38",Mountain-100
Canada,$6799.98,"Mountain-100 Silver, 44",Mountain-100
France,$6799.98,"Mountain-100 Silver, 44",Mountain-100
Germany,$6795.23,"Road-650 Black, 52",Road-650
France,$6779.88,"Mountain-500 Silver, 52",Mountain-500
Canada,$6777.74,ML Mountain Tire,ML Mountain Tire
Canada,$6749.98,"Mountain-100 Black, 42",Mountain-100
Canada,$6749.98,"Mountain-100 Black, 48",Mountain-100
France,$6749.98,"Mountain-100 Black, 48",Mountain-100
Germany,$6749.98,"Mountain-100 Black, 38",Mountain-100
United Kingdom,$6711.34,"Road-650 Black, 58",Road-650
[Not Applicable],$6708.13,"Racing Socks, M",Racing Socks
Australia,$6694.76,"Short-Sleeve Classic Jersey, L",Short-Sleeve Classic Jersey
France,$6681.15,"Touring-3000 Blue, 62",Touring-3000
United Kingdom,$6681.15,"Touring-3000 Blue, 50",Touring-3000
United Kingdom,$6681.15,"Touring-3000 Blue, 62",Touring-3000
United States,$6631.71,Mountain Tire Tube,Mountain Tire Tube
Canada,$6579.06,"Women's Mountain Shorts, L",Women's Mountain Shorts
Australia,$6479.88,"Mountain-500 Black, 44",Mountain-500
Germany,$6479.88,"Mountain-500 Black, 48",Mountain-500
United States,$6479.88,"Mountain-500 Black, 52",Mountain-500
United States,$6424.81,"Short-Sleeve Classic Jersey, XL",Short-Sleeve Classic Jersey
United States,$6370.82,"Short-Sleeve Classic Jersey, L",Short-Sleeve Classic Jersey
United States,$6262.84,"Short-Sleeve Classic Jersey, M",Short-Sleeve Classic Jersey
United States,$6214.89,"Mountain-500 Silver, 42",Mountain-500
France,$6180.03,"Road-650 Red, 44",Road-650
Canada,$6158.88,Hydration Pack - 70 oz.,Hydration Pack
Canada,$6155.92,"Mountain-400-W Silver, 38",Mountain-400-W
Canada,$6155.92,"Mountain-400-W Silver, 40",Mountain-400-W
United States,$6146.14,LL Road Tire,LL Road Tire
United States,$6113.20,AWC Logo Cap,Cycling Cap
Germany,$6096.14,"Road-650 Black, 60",Road-650
United Kingdom,$6096.14,"Road-650 Black, 62",Road-650
[Not Applicable],$6060.39,"Mountain Bike Socks, M",Mountain Bike Socks
Canada,$6012.24,"Road-650 Black, 52",Road-650
Germany,$6012.24,"Road-650 Black, 48",Road-650
Australia,$6000.00,Hitch Rack - 4-Bike,Hitch Rack - 4-Bike
France,$5938.80,"Touring-3000 Yellow, 50",Touring-3000
Germany,$5938.80,"Touring-3000 Yellow, 54",Touring-3000
United Kingdom,$5938.80,"Touring-3000 Yellow, 54",Touring-3000
United Kingdom,$5938.80,"Touring-3000 Yellow, 62",Touring-3000
United States,$5938.80,"Touring-3000 Blue, 50",Touring-3000
Australia,$5938.02,ML Mountain Tire,ML Mountain Tire
United States,$5847.66,ML Road Tire,ML Road Tire
Canada,$5737.60,HL Road Tire,HL Road Tire
[Not Applicable],$5636.96,LL Mountain Seat/Saddle,LL Mountain Seat/Saddle 2
United Kingdom,$5480.93,"Road-650 Black, 44",Road-650
Australia,$5444.20,HL Road Tire,HL Road Tire
[Not Applicable],$5422.54,LL Road Handlebars,LL Road Handlebars
Australia,$5399.90,"Mountain-500 Black, 52",Mountain-500
France,$5397.04,"Road-650 Black, 48",Road-650
Canada,$5313.15,"Road-650 Black, 44",Road-650
France,$5313.15,"Road-650 Black, 58",Road-650
France,$5313.15,"Road-650 Red, 58",Road-650
United Kingdom,$5313.15,"Road-650 Red, 52",Road-650
Australia,$5297.88,LL Mountain Tire,LL Mountain Tire
France,$5229.25,"Road-650 Black, 44",Road-650
France,$5196.45,"Touring-3000 Blue, 44",Touring-3000
France,$5196.45,"Touring-3000 Yellow, 54",Touring-3000
France,$5196.45,"Touring-3000 Yellow, 62",Touring-3000
Germany,$5196.45,"Touring-3000 Blue, 50",Touring-3000
Germany,$5196.45,"Touring-3000 Blue, 54",Touring-3000
Germany,$5196.45,"Touring-3000 Yellow, 58",Touring-3000
United Kingdom,$5131.23,Touring Tire,Touring Tire
Canada,$5088.00,All-Purpose Bike Stand,All-Purpose Bike Stand
Australia,$5084.91,"Mountain-500 Silver, 52",Mountain-500
United Kingdom,$5084.91,"Mountain-500 Silver, 40",Mountain-500
United Kingdom,$5084.91,"Mountain-500 Silver, 48",Mountain-500
United States,$5080.00,"Classic Vest, L",Classic Vest
[Not Applicable],$5001.30,"LL Touring Frame - Blue, 44",LL Touring Frame
Canada,$4969.29,"Women's Mountain Shorts, M",Women's Mountain Shorts
United States,$4889.50,"Classic Vest, S",Classic Vest
United Kingdom,$4859.91,"Mountain-500 Black, 42",Mountain-500
United Kingdom,$4859.91,"Mountain-500 Black, 44",Mountain-500
France,$4783.35,Touring Tire,Touring Tire
Canada,$4759.32,"Women's Mountain Shorts, S",Women's Mountain Shorts
United States,$4751.06,"Half-Finger Gloves, M",Half-Finger Gloves
United Kingdom,$4697.94,"Road-650 Black, 48",Road-650
Canada,$4616.94,"Mountain-400-W Silver, 42",Mountain-400-W
United Kingdom,$4614.05,"Road-650 Red, 44",Road-650
Australia,$4575.91,Road Bottle Cage,Road Bottle Cage
United States,$4572.00,"Classic Vest, M",Classic Vest
United States,$4548.94,Road Bottle Cage,Road Bottle Cage
France,$4530.16,"Road-650 Red, 60",Road-650
Germany,$4530.16,"Road-650 Red, 60",Road-650
France,$4519.92,"Mountain-500 Silver, 42",Mountain-500
France,$4454.10,"Touring-3000 Blue, 50",Touring-3000
France,$4454.10,"Touring-3000 Blue, 58",Touring-3000
France,$4454.10,"Touring-3000 Yellow, 58",Touring-3000
Germany,$4454.10,"Touring-3000 Blue, 58",Touring-3000
United Kingdom,$4454.10,"Touring-3000 Blue, 58",Touring-3000
United Kingdom,$4454.10,"Touring-3000 Yellow, 44",Touring-3000
United Kingdom,$4454.10,"Touring-3000 Yellow, 58",Touring-3000
United Kingdom,$4452.00,All-Purpose Bike Stand,All-Purpose Bike Stand
France,$4446.26,"Road-650 Black, 60",Road-650
United States,$4408.20,"Half-Finger Gloves, S",Half-Finger Gloves
Australia,$4383.96,LL Road Tire,LL Road Tire
Australia,$4339.38,"Women's Mountain Shorts, L",Women's Mountain Shorts
Australia,$4319.92,"Mountain-500 Black, 40",Mountain-500
Germany,$4319.92,"Mountain-500 Black, 42",Mountain-500
[Not Applicable],$4232.26,HL Road Seat/Saddle,HL Road Seat/Saddle 2
Canada,$4099.18,"Long-Sleeve Logo Jersey, S",Long-Sleeve Logo Jersey
United States,$4016.36,"Half-Finger Gloves, L",Half-Finger Gloves
Australia,$3954.93,"Mountain-500 Silver, 42",Mountain-500
Australia,$3954.93,"Mountain-500 Silver, 48",Mountain-500
Canada,$3954.93,"Mountain-500 Silver, 42",Mountain-500
France,$3954.93,"Mountain-500 Silver, 44",Mountain-500
United Kingdom,$3954.93,"Mountain-500 Silver, 44",Mountain-500
Australia,$3952.08,Water Bottle - 30 oz.,Water Bottle
Australia,$3919.44,"Women's Mountain Shorts, M",Women's Mountain Shorts
Canada,$3914.95,"Road-650 Black, 58",Road-650
France,$3914.95,"Road-650 Black, 62",Road-650
United Kingdom,$3914.95,"Road-650 Red, 58",Road-650
Australia,$3811.76,AWC Logo Cap,Cycling Cap
Canada,$3747.17,"Road-650 Black, 60",Road-650
France,$3747.17,"Road-650 Red, 62",Road-650
Canada,$3711.75,"Touring-3000 Blue, 50",Touring-3000
Germany,$3711.75,"Touring-3000 Yellow, 44",Touring-3000
United Kingdom,$3629.34,Hydration Pack - 70 oz.,Hydration Pack
Canada,$3616.38,Mountain Bottle Cage,Mountain Bottle Cage
United Kingdom,$3568.81,ML Mountain Tire,ML Mountain Tire
Germany,$3538.78,Fender Set - Mountain,Fender Set - Mountain
United Kingdom,$3480.00,Hitch Rack - 4-Bike,Hitch Rack - 4-Bike
Germany,$3478.80,Touring Tire,Touring Tire
Canada,$3473.61,LL Mountain Tire,LL Mountain Tire
Canada,$3449.31,"Long-Sleeve Logo Jersey, XL",Long-Sleeve Logo Jersey
Canada,$3399.99,"Mountain-100 Silver, 42",Mountain-100
United Kingdom,$3399.32,"Long-Sleeve Logo Jersey, M",Long-Sleeve Logo Jersey
Canada,$3389.94,"Mountain-500 Silver, 40",Mountain-500
Germany,$3389.94,"Mountain-500 Silver, 42",Mountain-500
Germany,$3389.94,"Mountain-500 Silver, 48",Mountain-500
United Kingdom,$3389.94,"Mountain-500 Silver, 42",Mountain-500
Germany,$3374.99,"Mountain-100 Black, 48",Mountain-100
Germany,$3287.97,LL Road Tire,LL Road Tire
France,$3244.99,LL Road Tire,LL Road Tire
France,$3239.94,"Mountain-500 Black, 40",Mountain-500
Germany,$3239.94,"Mountain-500 Black, 40",Mountain-500
United Kingdom,$3239.94,"Mountain-500 Black, 48",Mountain-500
Canada,$3238.51,Mountain Tire Tube,Mountain Tire Tube
Germany,$3180.00,All-Purpose Bike Stand,All-Purpose Bike Stand
United Kingdom,$3165.12,Fender Set - Mountain,Fender Set - Mountain
United Kingdom,$3159.03,LL Road Tire,LL Road Tire
Australia,$3101.93,Touring Tire,Touring Tire
Canada,$3099.38,"Long-Sleeve Logo Jersey, M",Long-Sleeve Logo Jersey
United Kingdom,$3099.38,"Long-Sleeve Logo Jersey, L",Long-Sleeve Logo Jersey
Canada,$3048.07,"Road-650 Red, 58",Road-650
United Kingdom,$3048.07,"Road-650 Red, 48",Road-650
Canada,$3023.94,Water Bottle - 30 oz.,Water Bottle
France,$3021.00,All-Purpose Bike Stand,All-Purpose Bike Stand
[Not Applicable],$3000.78,"LL Touring Frame - Blue, 62",LL Touring Frame
France,$3000.00,Hitch Rack - 4-Bike,Hitch Rack - 4-Bike
Canada,$2969.40,"Touring-3000 Blue, 58",Touring-3000
France,$2969.40,"Touring-3000 Blue, 54",Touring-3000
Germany,$2969.40,"Touring-3000 Blue, 44",Touring-3000
United Kingdom,$2969.40,"Touring-3000 Yellow, 50",Touring-3000
United Kingdom,$2966.70,AWC Logo Cap,Cycling Cap
Germany,$2964.18,"Road-650 Black, 62",Road-650
Germany,$2964.18,"Road-650 Red, 52",Road-650
Germany,$2949.41,"Long-Sleeve Logo Jersey, M",Long-Sleeve Logo Jersey
United Kingdom,$2923.83,ML Road Tire,ML Road Tire
France,$2914.47,Hydration Pack - 70 oz.,Hydration Pack
Germany,$2880.28,"Road-650 Black, 44",Road-650
Germany,$2880.00,Hitch Rack - 4-Bike,Hitch Rack - 4-Bike
Australia,$2824.95,"Mountain-500 Silver, 40",Mountain-500
France,$2824.95,"Mountain-500 Silver, 40",Mountain-500
United Kingdom,$2824.95,"Mountain-500 Silver, 52",Mountain-500
United States,$2814.30,Bike Wash - Dissolver,Bike Wash
Australia,$2794.00,"Classic Vest, L",Classic Vest
Australia,$2791.86,"Half-Finger Gloves, M",Half-Finger Gloves
Australia,$2791.86,"Half-Finger Gloves, S",Half-Finger Gloves
Germany,$2730.00,HL Mountain Tire,HL Mountain Tire
France,$2729.09,ML Mountain Tire,ML Mountain Tire
Australia,$2717.28,Mountain Bottle Cage,Mountain Bottle Cage
Canada,$2699.95,"Mountain-500 Black, 42",Mountain-500
France,$2699.95,"Mountain-500 Black, 44",Mountain-500
France,$2699.95,"Mountain-500 Black, 52",Mountain-500
Germany,$2699.95,"Mountain-500 Black, 52",Mountain-500
United Kingdom,$2699.95,"Mountain-500 Black, 52",Mountain-500
Canada,$2699.46,"Long-Sleeve Logo Jersey, L",Long-Sleeve Logo Jersey
France,$2698.92,ML Road Tire,ML Road Tire
United States,$2667.85,Patch Kit/8 Patches,Patch kit
Canada,$2667.08,Touring Tire,Touring Tire
United States,$2657.34,Road Tire Tube,Road Tire Tube
United Kingdom,$2649.47,"Long-Sleeve Logo Jersey, S",Long-Sleeve Logo Jersey
Germany,$2609.13,ML Mountain Tire,ML Mountain Tire
Australia,$2599.48,"Long-Sleeve Logo Jersey, XL",Long-Sleeve Logo Jersey
United Kingdom,$2590.00,HL Mountain Tire,HL Mountain Tire
Australia,$2564.86,Mountain Tire Tube,Mountain Tire Tube
Australia,$2519.64,"Women's Mountain Shorts, S",Women's Mountain Shorts
Germany,$2499.50,"Long-Sleeve Logo Jersey, L",Long-Sleeve Logo Jersey
Germany,$2490.23,AWC Logo Cap,Cycling Cap
Australia,$2476.50,"Classic Vest, M",Classic Vest
Canada,$2476.50,"Classic Vest, M",Classic Vest
United Kingdom,$2449.51,"Long-Sleeve Logo Jersey, XL",Long-Sleeve Logo Jersey
United Kingdom,$2445.10,Water Bottle - 30 oz.,Water Bottle
France,$2379.80,HL Road Tire,HL Road Tire
United Kingdom,$2375.56,"Short-Sleeve Classic Jersey, M",Short-Sleeve Classic Jersey
Australia,$2349.53,"Long-Sleeve Logo Jersey, L",Long-Sleeve Logo Jersey
France,$2349.53,"Long-Sleeve Logo Jersey, S",Long-Sleeve Logo Jersey
Canada,$2324.07,ML Road Tire,ML Road Tire
France,$2299.54,"Long-Sleeve Logo Jersey, M",Long-Sleeve Logo Jersey
France,$2275.00,HL Mountain Tire,HL Mountain Tire
Canada,$2265.08,"Road-650 Red, 48",Road-650
Canada,$2265.08,"Road-650 Red, 62",Road-650
Australia,$2259.96,"Mountain-500 Silver, 44",Mountain-500
France,$2259.96,"Mountain-500 Silver, 48",Mountain-500
[Not Applicable],$2248.11,"LL Mountain Frame - Black, 52",LL Mountain Frame
France,$2241.96,Fender Set - Mountain,Fender Set - Mountain
Canada,$2227.05,"Touring-3000 Yellow, 58",Touring-3000
Germany,$2224.11,ML Road Tire,ML Road Tire
Canada,$2213.59,"Short-Sleeve Classic Jersey, S",Short-Sleeve Classic Jersey
Canada,$2213.47,LL Road Tire,LL Road Tire
Australia,$2179.61,"Half-Finger Gloves, L",Half-Finger Gloves
Canada,$2175.58,AWC Logo Cap,Cycling Cap
Australia,$2159.96,"Mountain-500 Black, 42",Mountain-500
Canada,$2159.96,"Mountain-500 Black, 40",Mountain-500
Canada,$2159.96,"Mountain-500 Black, 44",Mountain-500
Canada,$2159.96,"Mountain-500 Black, 52",Mountain-500
France,$2159.96,"Mountain-500 Black, 48",Mountain-500
Germany,$2159.96,"Mountain-500 Black, 44",Mountain-500
Canada,$2159.60,"Short-Sleeve Classic Jersey, M",Short-Sleeve Classic Jersey
France,$2149.57,"Long-Sleeve Logo Jersey, L",Long-Sleeve Logo Jersey
France,$2130.63,AWC Logo Cap,Cycling Cap
Canada,$2105.61,"Short-Sleeve Classic Jersey, XL",Short-Sleeve Classic Jersey
United Kingdom,$2105.61,"Short-Sleeve Classic Jersey, XL",Short-Sleeve Classic Jersey
Australia,$2099.58,"Long-Sleeve Logo Jersey, M",Long-Sleeve Logo Jersey
United Kingdom,$2097.90,Mountain Bottle Cage,Mountain Bottle Cage
Germany,$2089.62,Hydration Pack - 70 oz.,Hydration Pack
Canada,$2081.65,"Half-Finger Gloves, S",Half-Finger Gloves
United Kingdom,$2074.17,LL Mountain Tire,LL Mountain Tire
United Kingdom,$2058.71,Road Bottle Cage,Road Bottle Cage
Canada,$2051.62,"Short-Sleeve Classic Jersey, L",Short-Sleeve Classic Jersey
France,$2051.62,"Short-Sleeve Classic Jersey, M",Short-Sleeve Classic Jersey
Australia,$2038.89,Road Tire Tube,Road Tire Tube
United Kingdom,$2021.20,HL Road Tire,HL Road Tire
Canada,$2008.18,"Half-Finger Gloves, L",Half-Finger Gloves
Canada,$2008.18,"Half-Finger Gloves, M",Half-Finger Gloves
Australia,$1999.60,"Long-Sleeve Logo Jersey, S",Long-Sleeve Logo Jersey
Germany,$1999.60,"Long-Sleeve Logo Jersey, S",Long-Sleeve Logo Jersey
[Not Applicable],$1972.66,ML Touring Seat/Saddle,ML Touring Seat/Saddle
Australia,$1968.50,"Classic Vest, S",Classic Vest
Germany,$1966.06,Water Bottle - 30 oz.,Water Bottle
France,$1949.61,"Long-Sleeve Logo Jersey, XL",Long-Sleeve Logo Jersey
[Not Applicable],$1949.40,LL Headset,LL Headset
Germany,$1868.13,Mountain Bottle Cage,Mountain Bottle Cage
United States,$1806.38,Touring Tire Tube,Touring Tire Tube
Germany,$1799.28,LL Mountain Tire,LL Mountain Tire
France,$1781.67,"Short-Sleeve Classic Jersey, L",Short-Sleeve Classic Jersey
Canada,$1778.00,"Classic Vest, L",Classic Vest
Germany,$1749.65,"Long-Sleeve Logo Jersey, XL",Long-Sleeve Logo Jersey
United Kingdom,$1727.68,"Short-Sleeve Classic Jersey, L",Short-Sleeve Classic Jersey
France,$1716.56,Water Bottle - 30 oz.,Water Bottle
Australia,$1709.25,Bike Wash - Dissolver,Bike Wash
Canada,$1694.97,"Mountain-500 Silver, 52",Mountain-500
Germany,$1694.97,"Mountain-500 Silver, 40",Mountain-500
Germany,$1694.97,"Mountain-500 Silver, 44",Mountain-500
France,$1673.69,"Short-Sleeve Classic Jersey, S",Short-Sleeve Classic Jersey
France,$1668.33,Mountain Bottle Cage,Mountain Bottle Cage
Canada,$1651.00,"Classic Vest, S",Classic Vest
France,$1619.97,"Mountain-500 Black, 42",Mountain-500
United Kingdom,$1619.97,"Mountain-500 Black, 40",Mountain-500
Germany,$1619.70,"Short-Sleeve Classic Jersey, S",Short-Sleeve Classic Jersey
Germany,$1619.70,"Short-Sleeve Classic Jersey, XL",Short-Sleeve Classic Jersey
United Kingdom,$1619.70,"Short-Sleeve Classic Jersey, S",Short-Sleeve Classic Jersey
France,$1582.24,Road Bottle Cage,Road Bottle Cage
Germany,$1582.24,Road Bottle Cage,Road Bottle Cage
Canada,$1565.98,"Road-650 Black, 48",Road-650
Canada,$1565.98,"Road-650 Red, 44",Road-650
Canada,$1565.98,"Road-650 Red, 52",Road-650
Germany,$1565.71,"Short-Sleeve Classic Jersey, L",Short-Sleeve Classic Jersey
[Not Applicable],$1548.62,LL Touring Handlebars,LL Touring Handlebars
[Not Applicable],$1529.18,"ML Mountain Frame-W - Silver, 38",ML Mountain Frame-W
Australia,$1527.43,Patch Kit/8 Patches,Patch kit
France,$1511.72,"Short-Sleeve Classic Jersey, XL",Short-Sleeve Classic Jersey
United Kingdom,$1501.99,Touring Tire Tube,Touring Tire Tube
Canada,$1484.70,"Touring-3000 Blue, 62",Touring-3000
Canada,$1484.70,"Touring-3000 Yellow, 50",Touring-3000
Canada,$1482.09,"Road-650 Red, 60",Road-650
[Not Applicable],$1480.75,LL Touring Seat/Saddle,LL Touring Seat/Saddle
France,$1399.80,"Women's Mountain Shorts, M",Women's Mountain Shorts
France,$1397.20,Touring Tire Tube,Touring Tire Tube
France,$1374.45,LL Mountain Tire,LL Mountain Tire
United Kingdom,$1371.44,"Half-Finger Gloves, M",Half-Finger Gloves
United Kingdom,$1329.81,"Women's Mountain Shorts, L",Women's Mountain Shorts
United Kingdom,$1300.74,Road Tire Tube,Road Tire Tube
United Kingdom,$1259.82,"Women's Mountain Shorts, M",Women's Mountain Shorts
Canada,$1208.97,Road Tire Tube,Road Tire Tube
France,$1206.50,"Classic Vest, L",Classic Vest
Germany,$1206.20,HL Road Tire,HL Road Tire
[Not Applicable],$1198.99,"LL Mountain Frame - Black, 40",LL Mountain Frame
United Kingdom,$1192.61,Mountain Tire Tube,Mountain Tire Tube
France,$1189.83,"Women's Mountain Shorts, L",Women's Mountain Shorts
France,$1169.07,Road Tire Tube,Road Tire Tube
United States,$1168.70,"Racing Socks, M",Racing Socks
Canada,$1160.70,Bike Wash - Dissolver,Bike Wash
Canada,$1158.74,Patch Kit/8 Patches,Patch kit
Germany,$1133.79,"Short-Sleeve Classic Jersey, M",Short-Sleeve Classic Jersey
Canada,$1129.98,"Mountain-500 Silver, 44",Mountain-500
Germany,$1129.98,"Mountain-500 Silver, 52",Mountain-500
France,$1119.84,"Women's Mountain Shorts, S",Women's Mountain Shorts
Germany,$1105.23,Road Tire Tube,Road Tire Tube
Canada,$1079.98,"Mountain-500 Black, 48",Mountain-500
France,$1079.50,"Classic Vest, M",Classic Vest
Canada,$1042.84,Road Bottle Cage,Road Bottle Cage
Germany,$1016.00,"Classic Vest, M",Classic Vest
Germany,$1016.00,"Classic Vest, S",Classic Vest
United Kingdom,$1016.00,"Classic Vest, M",Classic Vest
United Kingdom,$979.60,"Half-Finger Gloves, S",Half-Finger Gloves
Australia,$973.05,Touring Tire Tube,Touring Tire Tube
United States,$961.93,"Racing Socks, L",Racing Socks
France,$955.11,"Half-Finger Gloves, L",Half-Finger Gloves
Germany,$938.12,Mountain Tire Tube,Mountain Tire Tube
[Not Applicable],$925.21,Patch Kit/8 Patches,Patch kit
Germany,$923.15,Touring Tire Tube,Touring Tire Tube
Germany,$906.13,"Half-Finger Gloves, S",Half-Finger Gloves
United Kingdom,$889.00,"Classic Vest, L",Classic Vest
France,$878.24,Mountain Tire Tube,Mountain Tire Tube
Germany,$857.15,"Half-Finger Gloves, L",Half-Finger Gloves
United Kingdom,$839.88,"Women's Mountain Shorts, S",Women's Mountain Shorts
United Kingdom,$832.66,"Half-Finger Gloves, L",Half-Finger Gloves
Canada,$823.35,Touring Tire Tube,Touring Tire Tube
[Not Applicable],$800.21,"LL Touring Frame - Blue, 58",LL Touring Frame
France,$783.68,"Half-Finger Gloves, S",Half-Finger Gloves
Canada,$782.99,"Road-650 Black, 62",Road-650
United Kingdom,$762.00,"Classic Vest, S",Classic Vest
United Kingdom,$744.25,Patch Kit/8 Patches,Patch kit
Canada,$742.35,"Touring-3000 Blue, 44",Touring-3000
Canada,$742.35,"Touring-3000 Blue, 54",Touring-3000
Canada,$742.35,"Touring-3000 Yellow, 44",Touring-3000
Canada,$742.35,"Touring-3000 Yellow, 54",Touring-3000
Canada,$742.35,"Touring-3000 Yellow, 62",Touring-3000
France,$734.70,"Half-Finger Gloves, M",Half-Finger Gloves
France,$650.36,Patch Kit/8 Patches,Patch kit
Germany,$635.00,"Classic Vest, L",Classic Vest
United Kingdom,$612.15,Bike Wash - Dissolver,Bike Wash
Canada,$564.99,"Mountain-500 Silver, 48",Mountain-500
Germany,$563.27,"Half-Finger Gloves, M",Half-Finger Gloves
Germany,$558.76,Patch Kit/8 Patches,Patch kit
Australia,$548.39,"Racing Socks, L",Racing Socks
[Not Applicable],$513.00,"Mountain Bike Socks, L",Mountain Bike Socks
Germany,$508.80,Bike Wash - Dissolver,Bike Wash
Australia,$458.49,"Racing Socks, M",Racing Socks
[Not Applicable],$457.20,"Classic Vest, L",Classic Vest
Canada,$413.54,"Racing Socks, M",Racing Socks
France,$413.40,Bike Wash - Dissolver,Bike Wash
Canada,$386.57,"Racing Socks, L",Racing Socks
France,$381.00,"Classic Vest, S",Classic Vest
United Kingdom,$323.64,"Racing Socks, L",Racing Socks
Germany,$279.96,"Women's Mountain Shorts, S",Women's Mountain Shorts
United Kingdom,$242.73,"Racing Socks, M",Racing Socks
Germany,$209.97,"Women's Mountain Shorts, L",Women's Mountain Shorts
Germany,$206.77,"Racing Socks, M",Racing Socks
France,$188.79,"Racing Socks, M",Racing Socks
[Not Applicable],$162.72,LL Road Seat/Saddle,LL Road Seat/Saddle 1
Germany,$139.98,"Women's Mountain Shorts, M",Women's Mountain Shorts
Germany,$107.88,"Racing Socks, L",Racing Socks
France,$98.89,"Racing Socks, L",Racing Socks
